{"cameraMode":{"drawMode":0,"name":"Shaded","section":"Shading Mode"},"sceneLighting":false,"audioPlay":false,"sceneViewState":{"showFog":true,"showMaterialUpdate":false,"showSkybox":false,"showFlares":true,"showImageEffects":true,"showParticleSystems":true},"in2DMode":false,"pivot":{"x":-8.769996643066407,"y":-0.5072237253189087,"z":-3.3255698680877687},"rotation":{"x":-0.13909456133842469,"y":0.3269844949245453,"z":-0.048677586019039157,"w":-0.9335225820541382},"size":27.11063003540039,"orthographic":true}