{"cameraMode":{"drawMode":0,"name":"Shaded","section":"Shading Mode"},"sceneLighting":true,"audioPlay":false,"sceneViewState":{"showFog":true,"showMaterialUpdate":false,"showSkybox":true,"showFlares":true,"showImageEffects":true,"showParticleSystems":true},"in2DMode":false,"pivot":{"x":70.3683853149414,"y":41.64542770385742,"z":-19.274486541748048},"rotation":{"x":-0.3044842779636383,"y":-0.49353551864624026,"z":0.18966355919837953,"w":-0.7923101186752319},"size":7.030246734619141,"orthographic":false}