{"cameraMode":{"drawMode":0,"name":"Shaded","section":"Shading Mode"},"sceneLighting":false,"audioPlay":false,"sceneViewState":{"showFog":true,"showMaterialUpdate":false,"showSkybox":false,"showFlares":true,"showImageEffects":true,"showParticleSystems":true},"in2DMode":false,"pivot":{"x":379.9997253417969,"y":211.49972534179688,"z":0.0},"rotation":{"x":-0.022174539044499399,"y":0.9697917103767395,"z":-0.0957147628068924,"w":-0.22374418377876283},"size":1435.4317626953125,"orthographic":true}