{"cameraMode":{"drawMode":0,"name":"Shaded","section":"Shading Mode"},"sceneLighting":false,"audioPlay":false,"sceneViewState":{"showFog":true,"showMaterialUpdate":false,"showSkybox":false,"showFlares":true,"showImageEffects":true,"showParticleSystems":true},"in2DMode":false,"pivot":{"x":-8.770000457763672,"y":-1.958901286125183,"z":-3.2303199768066408},"rotation":{"x":0.006707592401653528,"y":-0.9705778956413269,"z":0.027076831087470056,"w":0.23936301469802857},"size":9.706332206726075,"orthographic":true}